{
  "$schema": "./node_modules/rome/configuration_schema.json",
  "organizeImports": {
    "enabled": true
  },
  "linter": {
    "enabled": true,
    "rules": {
      "recommended": true,
      "complexity": {
        "noUselessFragments": "error"
      },
      "correctness": {
        "noUndeclaredVariables": "off",
        "noUnusedVariables": "off"
      },
      "style": {
        "noImplicitBoolean": "off"
      },
      "suspicious": {
        "noDebugger": "off"
      },
      "a11y": {
        "useKeyWithClickEvents": "off"
      }
    }
  },
  "formatter": {
    "enabled": true,
    "formatWithErrors": true,
    "indentStyle": "space",
    "indentSize": 2,
    "lineWidth": 80,
    "ignore": []
  },
  "javascript": {
    "formatter": {
      "quoteStyle": "single",
      "semicolons": "asNeeded"
    }
  }
}
