{
  "chart": {
    "caption": "Top 5 Stores by Sales",
    "subCaption": "Last month",
    "yAxisName": "Sales (In USD)",
    "numberPrefix": "$",
    "theme": "fusion"
  },
  "data": [
    {
      "label": "Bakersfield Central",
      "value": "880000"
    },
    {
      "label": "Garden Groove harbour",
      "value": "730000"
    },
    {
      "label": "Los Angeles Topanga",
      "value": "590000"
    },
    {
      "label": "Compton-Rancho Dom",
      "value": "520000"
    },
    {
      "label": "Daly City Serramonte",
      "value": "330000"
    }
  ]
}
